Country,ISO3C,PressFreedom(i),Education(i),SocietalTrust(i),MediaAccess(i),IT(i),E-Participation(i)
Afghanistan,AFG,17.88,,,,,10.96
Albania,ALB,58.18,8.124500000000001,5.75,,32.8,72.6
Algeria,DZA,44.64,,,,,5.48
Andorra,AND,63.3,,27.35,,,54.790000000000006
Angola,AGO,52.67,,,57.48568984273899,,21.92
,,,,,,,34.25
Argentina,ARG,56.14,9.8575,25.4,84.21541994393974,,63.01
Armenia,ARM,73.96,,19.05,78.29378966949817,,84.93
Australia,AUS,75.15,,48.0,90.56606390901032,,86.3
Austria,AUT,78.12,14.150500000000003,44.3,,52.3,78.08
Azerbaijan,AZE,25.47,8.6335,20.0,79.0879777909832,17.2,49.32
,,,,,,,31.509999999999998
Bahrain,BHR,30.24,,,82.98121664269928,48.8,90.41
Bangladesh,BGD,33.71,,16.75,60.9073604052856,12.2,61.63999999999999
,,,,,,,32.879999999999995
Belarus,BLR,25.73,,30.0,72.95954445200616,44.0,49.32
Belgium,BEL,80.12,14.091000000000001,,,56.7,50.68
Belize,BLZ,68.32,,,,,23.29
Benin,BEN,54.6,,,,,36.99
Bhutan,BTN,32.62,,,,19.5,49.32
Bolivia,BOL,54.09,,9.5,,,42.47
,,,,,,36.0,54.790000000000006
,,,,16.45,,,
Bosnia-Herzegovina,BIH,56.33,,,,,
Botswana,BWA,57.64,,,,,27.400000000000002
Brazil,BRA,63.8,10.174999999999999,14.6,80.09063660454908,37.0,86.3
Brunei,BRN,53.47,11.692,,,,
,,,,,,47.5,46.58
Bulgaria,BGR,60.78,10.442000000000002,22.3,,38.0,67.12
Burkina Faso,BFA,52.25,,,,,21.92
Burundi,BDI,45.44,,,,,21.92
Cabo Verde,CPV,74.98,,,,9.0,54.790000000000006
Cambodia,KHM,28.18,6.624499999999999,,61.72681372418795,,31.509999999999998
Cameroon,CMR,42.75,,,,,42.47
Canada,CAN,78.75,,48.1,91.38269137839848,,91.78
Central African Republic,CAF,60.15,,,,,8.219999999999999
Chad,TCD,51.89,,,,,31.509999999999998
Chile,CHL,62.25,12.0175,19.25,85.48404134481194,,83.56
China,CHN,14.8,,38.45,67.23936378639746,43.0,93.15
Colombia,COL,49.8,10.209000000000001,9.4,79.13165923935358,25.8,73.97
Comoros,COM,59.27,,,,,0.0
,,,,,,,8.219999999999999
Congo-Brazzaville,COG,60.58,,,,,
Costa Rica,CRI,73.09,10.4495,,81.74424643657511,,72.6
Croatia,HRV,64.2,13.7075,22.5,,50.3,91.78
Cuba,CUB,26.03,,,54.30309608438544,20.0,5.48
Cyprus,CYP,59.04,,7.95,,55.0,69.86
,,,,,,53.7,58.9
Czechia,CZE,83.96,14.4585,32.05,,,
Côte d'Ivoire,CIV,63.69,,,,9.2,41.099999999999994
,,,,,,,0.0
,,,,,,,24.66
Denmark,DNK,86.93,,74.6,,67.0,98.63
Djibouti,DJI,25.36,,,,,9.59
,,,,,,,30.14
Dominican Republic,DOM,69.87,7.526000000000001,,,,65.75
DR Congo,COD,42.31,,,,,
East Timor,TLS,71.79,,,,,
Ecuador,ECU,53.76,,6.8,77.04294693676056,14.0,87.67
Egypt,EGY,24.74,,13.3,,39.8,58.9
El Salvador,SLV,41.19,8.099,,,0.0,38.36
Equatorial Guinea,GNQ,48.68,,,,,23.29
Eritrea,ERI,11.32,,,,,1.37
Estonia,EST,89.46,15.6495,34.05,93.86635402534982,57.7,95.89
Eswatini,SWZ,52.86,,,,,38.36
Ethiopia,ETH,36.92,,29.849999999999998,43.19752227384594,,16.439999999999998
Fiji,FJI,71.2,,,,,39.73
Finland,FIN,87.18,14.616000000000001,64.2,,69.0,89.03999999999999
France,FRA,76.62,13.7665,30.299999999999997,90.44421366974083,44.7,80.82000000000001
Gabon,GAB,70.65,,,,,12.33
Gambia,GMB,65.486,,,,,17.810000000000002
Georgia,GEO,50.53,8.883,11.1,78.72561571753958,30.0,
,,,,,,,56.16
Germany,DEU,83.85,14.017000000000001,36.05,91.43527763339128,43.3,97.26
Ghana,GHA,67.13,,,68.4740978585423,,53.42
,,,,48.5,,,
Greece,GRC,55.37,11.8505,9.05,,55.0,67.12
,,,,,,,24.66
Guatemala,GTM,40.32,8.4335,18.2,,,46.58
Guinea,GIN,52.53,,,,,50.68
Guinea-Bissau,GNB,51.36,,,,,21.92
Guyana,GUY,60.12,,,,,21.92
Haiti,HTI,51.061,,,,,9.59
Honduras,HND,38.51,,,,,30.14
Hong Kong,HKG,39.86,,,,,
,,,,,,54.0,
,,,,29.299999999999997,,,
Hungary,HUN,62.82,13.707500000000001,33.05,86.93548549023771,59.0,54.790000000000006
Iceland,ISL,81.36,12.034,61.15,97.84365546757094,66.0,95.89
India,IND,32.96,,25.15,58.58529781475298,,65.75
Indonesia,IDN,44.13,8.1575,6.95,66.29209457147545,,79.45
Iran,IRN,16.22,,24.4,,,
,,,,,,14.0,17.810000000000002
Iraq,IRQ,30.69,,17.5,62.518730000000005,10.0,9.59
Ireland,IRL,86.92,,,,44.5,91.78
Israel,ISR,51.055,13.441500000000001,,,68.0,69.86
Italy,ITA,68.01,13.933,26.450000000000003,82.50587173577226,44.3,65.75
Jamaica,JAM,75.83,,,,24.0,43.84
Japan,JPN,63.14,16.175,22.1,92.03580264328386,57.0,98.63
Jordan,JOR,35.25,7.525500000000001,22.85,63.32364822220323,,61.63999999999999
Kazakhstan,KAZ,39.34,9.933499999999999,21.3,77.26421070357966,21.8,84.93
Kenya,KEN,49.41,,17.25,68.19802220386025,,52.05
,,,,,,,32.879999999999995
,,,,,,60.2,
Kosovo,XKX,52.73,,,,,
Kuwait,KWT,44.06,,,,58.2,30.14
Kyrgyzstan,KGZ,37.46,,14.3,,,46.58
,,,,,,,28.77
Laos,LAO,33.22,,,,,
Latvia,LVA,81.82,,21.7,,51.0,78.08
Lebanon,LBN,42.62,,16.25,73.66950948947388,,46.58
Lesotho,LSO,52.07,,,,6.3,20.549999999999997
Liberia,LBR,66.61,,,,,16.439999999999998
Libya,LBY,40.42,,16.95,65.2958733859513,,1.37
Liechtenstein,LIE,83.42,,,,,65.75
Lithuania,LTU,82.27,13.692000000000002,24.65,,56.3,83.56
Luxembourg,LUX,83.04,,,,56.3,63.01
,,,,,,42.0,
Macao SAR China,MAC,,16.117500000000003,,,,
,,,,35.9,,,
Madagascar,MDG,50.8,,,,,30.14
Malawi,MWI,59.2,,,51.95471096609499,,45.21
Malaysia,MYS,56.09,9.7995,17.25,81.93268591279914,62.8,69.86
Maldives,MDV,52.46,,18.05,,,47.949999999999996
Mali,MLI,48.23,,,,,27.400000000000002
Malta,MLT,62.96,12.591000000000001,,,65.0,73.97
,,,,,,,32.879999999999995
Mauritania,MRT,67.52,,,,,12.33
Mauritius,MUS,67.31,,,,30.3,41.099999999999994
Mexico,MEX,45.55,10.5325,11.8,76.1527352378011,37.8,73.97
,,,,,,,13.700000000000001
Moldova,MDA,73.36,10.5835,,,,
,,,,,,,15.07
Mongolia,MNG,52.57,9.567000000000002,26.55,,,78.08
Montenegro,MNE,72.83,10.234,28.450000000000003,,55.7,50.68
Morocco,MAR,48.04,7.375500000000001,22.3,78.44870141777577,30.8,43.84
Morocco / Western Sahara ,MAR,48.04,,,,,
Mozambique,MOZ,52.63,,,,,20.549999999999997
Myanmar,MMR,25.32,,28.2,,,16.439999999999998
Namibia,NAM,75.35,,,,,27.400000000000002
,,,,,,,23.29
Nepal,NPL,55.2,,,,,21.92
Netherlands,NLD,88.64,,61.7,,78.3,93.15
New Zealand,NZL,81.37,,53.3,,,93.15
Nicaragua,NIC,22.83,,7.5,63.88617713610124,,23.29
Niger,NER,57.05,,,,6.0,20.549999999999997
Nigeria,NGA,46.81,,19.8,67.56091688104499,,36.99
North Korea,PRK,12.64,,,,,
North Macedonia,MKD,70.44,8.324,21.0,,,57.53
Northern Cyprus,CTU,54.84,,,,,
,,,,44.8,,,
Norway,NOR,92.31,13.750000000000002,69.85,,71.0,86.3
OECS,CSS,68.08,,,,,
Oman,OMN,42.29,,,,50.0,65.75
Pakistan,PAK,29.62,,28.75,51.50753006808301,2.5,49.32
,,,,,,,30.14
Palestine,PSE,27.41,,,,,
Palestinian Territories,PSE,27.41,7.7410000000000005,,,,
Panama,PAN,66.75,,,,,52.05
Papua New Guinea,PNG,58.35,,,,,19.18
Paraguay,PRY,56.84,8.3075,,,35.7,60.27
Peru,PER,42.88,10.2505,6.6,,18.0,75.33999999999999
Philippines,PHL,49.57,7.4495,16.099999999999998,73.04828204200797,4.0,72.6
Poland,POL,74.79,14.491500000000002,24.950000000000003,,45.7,75.33999999999999
Portugal,PRT,84.26,13.825000000000001,26.05,,49.7,64.38000000000001
,,,,21.6,,,
Qatar,QAT,58.25,11.017000000000001,,,32.2,47.949999999999996
,,,,,,,97.26
,,,,,,,72.6
Romania,ROU,66.42,11.383000000000001,11.95,,44.0,68.49
Russia,RUS,24.57,,22.5,,,
,,,,,,31.2,64.38000000000001
Rwanda,RWA,35.84,,,57.94976714510452,,75.33999999999999
,,,,,,,20.549999999999997
,,,,,,,13.700000000000001
,,,,,,,34.25
Samoa,WSM,69.28,,,,,30.14
,,,,,,,12.33
,,,,,,,16.439999999999998
Saudi Arabia,SAU,27.94,9.216000000000001,,75.26975379537316,82.0,95.89
Senegal,SEN,59.43,,,,,42.47
Serbia,SRB,53.55,12.05,19.85,83.24367274391935,42.7,89.03999999999999
Seychelles,SYC,68.56,,,,,30.14
Sierra Leone,SLE,66.36,,,,,32.879999999999995
Singapore,SGP,45.78,17.525000000000002,26.2,84.68093739544543,,95.89
Slovakia,SVK,71.93,12.575000000000001,26.3,,48.0,69.86
Slovenia,SVN,74.06,13.792000000000002,19.5,,52.7,78.08
,,,,,,,36.99
Somalia,SOM,40.49,,,,,28.77
South Africa,ZAF,75.71,,,79.45707012517734,12.0,83.56
South Korea,KOR,64.06,15.95,25.2,,,
South Sudan,SSD,51.63,,,,,10.96
Spain,ESP,77.35,13.775500000000001,42.4,,58.0,80.82000000000001
Sri Lanka,LKA,39.93,,,,,41.099999999999994
Sudan,SDN,30.34,,,,,6.8500000000000005
Suriname,SUR,74.49,,,,,28.77
Sweden,SWE,88.13,14.317,68.35,,64.3,79.45
Switzerland,CHE,83.98,14.509000000000002,54.2,,55.8,82.19
Syria,SYR,15.82,,,,,
,,,,,,,6.8500000000000005
Taiwan,TWN,77.04,16.200000000000003,,,,
,,,,28.05,,,
Tajikistan,TJK,32.21,,15.450000000000001,,,27.400000000000002
Tanzania,TZA,53.68,,,,,
Thailand,THA,56.72,9.284,27.95,69.62329396967561,,75.33999999999999
,,,,,,,32.879999999999995
Togo,TGO,48.03,,,,,45.21
Tonga,TON,68.39,,,,,32.879999999999995
,,,,28.7,,,
Trinidad and Tobago,TTO,79.71,,,,,32.879999999999995
Tunisia,TUN,43.48,,22.200000000000003,75.83239971495578,18.5,45.21
Turkey,TUR,29.4,12.934000000000001,19.55,,,
Turkmenistan,TKM,19.14,,,,,4.109999999999999
,,,,,,,6.8500000000000005
Türkiye,TUR,29.4,,,,45.3,86.3
Uganda,UGA,37.61,,,55.19508845011037,,43.84
Ukraine,UKR,63.93,11.6495,25.7,75.09064145446449,23.8,100.0
United Arab Emirates,ARE,26.91,11.084000000000001,,83.35278667458992,62.4,78.08
United Kingdom,GBR,78.89,,,92.7097475154662,62.0,
,,,,,,,97.26
,,,,,,,28.77
United States,USA,65.487,,38.25,87.14727151739095,,
,,,,,,,94.52000000000001
Uruguay,URY,65.18,11.358,18.45,,53.0,86.3
Uzbekistan,UZB,35.24,7.142,27.35,64.94859344356954,16.5,69.86
,,,,,,,46.58
Venezuela,VEN,29.21,,14.6,,,21.92
,,,,,,,60.27
Vietnam,VNM,19.74,13.208000000000002,29.25,,,
Yemen,YEM,31.45,,,,,15.07
Zambia,ZMB,57.33,,,64.5238108566079,,41.099999999999994
Zimbabwe,ZWE,52.1,,14.0,62.29625822642223,,27.400000000000002
