Country,ISO3C,PressFreedom(i),Education(i),SocietalTrust(i),MediaAccess(i),IT(i),E-Participation(i),vMLI
Afghanistan,AFG,17.88,NA,NA,NA,NA,10.96,17.447499999999998
Albania,ALB,58.18,27.081666666666667,5.75,NA,32.8,72.6,38.11933333333333
Algeria,DZA,44.64,NA,NA,NA,NA,5.48,42.1925
Andorra,AND,63.3,NA,27.35,NA,NA,54.790000000000006,54.3352380952381
Angola,AGO,52.67,NA,NA,57.48568984273899,NA,21.92,53.70319729944693
Argentina,ARG,56.14,32.85833333333333,25.4,84.21541994393974,NA,63.01,53.14799483091231
Armenia,ARM,73.96,NA,19.05,78.29378966949817,NA,84.93,67.70902599608141
Australia,AUS,75.15,NA,48,90.56606390901032,NA,86.3,77.18285966754117
Austria,AUT,78.12,47.16833333333333,44.3,NA,52.3,78.08,60.19613333333333
Azerbaijan,AZE,25.47,28.778333333333336,20,79.0879777909832,17.2,49.32,39.5488944477458
Bahrain,BHR,30.24,NA,NA,82.98121664269928,48.8,90.41,55.1491736011247
Bangladesh,BGD,33.71,NA,16.75,60.9073604052856,12.2,61.63999999999999,40.876628716173435
Belarus,BLR,25.73,NA,30,72.95954445200616,44,49.32,44.66469444714506
Belgium,BEL,80.12,46.97,NA,NA,56.7,50.68,62.83323076923077
Belize,BLZ,68.32,NA,NA,NA,NA,23.29,65.505625
Benin,BEN,54.6,NA,NA,NA,NA,36.99,53.499375
Bhutan,BTN,32.62,NA,NA,NA,19.5,49.32,32.449714285714286
Bolivia,BOL,54.09,NA,9.5,NA,NA,42.47,42.92
Bosnia-Herzegovina,BIH,56.33,NA,NA,NA,NA,NA,56.33
Botswana,BWA,57.64,NA,NA,NA,NA,27.4,55.75
Brazil,BRA,63.8,33.916666666666664,14.6,80.09063660454908,37,86.3,53.633659151137266
Brunei,BRN,53.47,38.97333333333333,NA,NA,NA,NA,46.221666666666664
Bulgaria,BGR,60.78,34.80666666666667,22.3,NA,38,67.12,44.51786666666666
Burkina Faso,BFA,52.25,NA,NA,NA,NA,21.92,50.354375
Burundi,BDI,45.44,NA,NA,NA,NA,21.92,43.96999999999999
Cabo Verde,CPV,74.98,NA,NA,NA,9,54.790000000000006,68.17085714285714
Cambodia,KHM,28.18,22.081666666666667,NA,61.72681372418795,NA,31.51,35.79356716212297
Cameroon,CMR,42.75,NA,NA,NA,NA,42.47,42.7325
Canada,CAN,78.75,NA,48.1,91.38269137839848,NA,91.78,79.2780191710442
Central African Republic,CAF,60.15,NA,NA,NA,NA,8.219999999999999,56.904375
Chad,TCD,51.89,NA,NA,NA,NA,31.51,50.61625
Chile,CHL,62.25,40.05833333333334,19.25,85.48404134481194,NA,83.56,57.381144676497925
China,CHN,14.8,NA,38.45,67.23936378639746,43,93.15,40.354058495141956
Colombia,COL,49.8,34.03,9.4,79.13165923935358,25.8,73.97,48.12531480983839
Comoros,COM,59.27,NA,NA,NA,NA,0,55.565625000000004
Congo-Brazzaville,COG,60.58,NA,NA,NA,NA,NA,60.58
Costa Rica,CRI,73.09,34.83166666666667,NA,81.74424643657511,NA,72.6,62.373059320854914
Croatia,HRV,64.2,45.69166666666666,22.5,NA,50.3,91.78,51.41613333333333
Cuba,CUB,26.03,NA,NA,54.30309608438544,20,5.48,36.82395670182727
Cyprus,CYP,59.04,NA,7.95,NA,55,69.86,47.89822222222222
Czechia,CZE,83.96,48.195,32.05,NA,NA,NA,61.21642857142857
Côte d'Ivoire,CIV,63.69,NA,NA,NA,9.2,41.099999999999994,57.72857142857143
Denmark,DNK,86.93,NA,74.6,NA,67,98.63,83.38133333333333
Djibouti,DJI,25.36,NA,NA,NA,NA,9.59,24.374374999999997
Dominican Republic,DOM,69.87,25.08666666666667,NA,NA,NA,65.75,48.067741935483866
DR Congo,COD,42.31,NA,NA,NA,NA,NA,42.31
East Timor,TLS,71.79,NA,NA,NA,NA,NA,71.79
Ecuador,ECU,53.76,NA,6.8,77.04294693676056,14,87.67,54.63162390598591
Egypt,EGY,24.74,NA,13.3,NA,39.8,58.9,24.72
El Salvador,SLV,41.19,26.99666666666666,NA,NA,0,38.36,32.651076923076914
Equatorial Guinea,GNQ,48.68,NA,NA,NA,NA,23.29,47.093125
Eritrea,ERI,11.32,NA,NA,NA,NA,1.37,10.698125000000001
Estonia,EST,89.46,52.165,34.05,93.86635402534982,57.7,95.89,73.00788850633745
Eswatini,SWZ,52.86,NA,NA,NA,NA,38.36,51.95375
Ethiopia,ETH,36.92,NA,29.85,43.19752227384594,NA,16.439999999999998,37.59579189322609
Fiji,FJI,71.2,NA,NA,NA,NA,39.73,69.233125
Finland,FIN,87.18,48.72,64.2,NA,69,89.03999999999999,68.0544
France,FRA,76.62,45.88833333333333,30.299999999999997,90.44421366974083,44.7,80.82000000000001,65.3509534174352
Gabon,GAB,70.65,NA,NA,NA,NA,12.33,67.005
Gambia,GMB,65.486,NA,NA,NA,NA,17.810000000000002,62.50625000000001
Georgia,GEO,50.53,29.610000000000003,11.1,78.72561571753958,30,NA,46.66673870345398
Germany,DEU,83.85,46.723333333333336,36.05,91.43527763339128,43.3,97.26,68.88001940834782
Ghana,GHA,67.13,NA,NA,68.4740978585423,NA,53.42,67.23846397304486
Greece,GRC,55.37,39.501666666666665,9.05,NA,55,67.12,43.145199999999996
Guatemala,GTM,40.32,28.111666666666668,18.2,NA,NA,46.58,32.33486111111111
Guinea,GIN,52.53,NA,NA,NA,NA,50.68,52.414375
Guinea-Bissau,GNB,51.36,NA,NA,NA,NA,21.92,49.519999999999996
Guyana,GUY,60.12,NA,NA,NA,NA,21.92,57.732499999999995
Haiti,HTI,51.061,NA,NA,NA,NA,9.59,48.4690625
Honduras,HND,38.51,NA,NA,NA,NA,30.14,37.986875
Hong Kong,HKG,39.86,NA,NA,NA,NA,NA,39.86
Hungary,HUN,62.82,45.69166666666666,33.05,86.93548549023771,59,54.790000000000006,60.45817137255943
Iceland,ISL,81.36,40.11333333333334,61.15,97.84365546757094,66,95.89,70.91571386689273
India,IND,32.96,NA,25.15,58.58529781475298,NA,65.75,42.33481261744514
Indonesia,IDN,44.13,27.191666666666663,6.95,66.29209457147545,NA,79.45,41.49847798233903
Iran,IRN,16.22,NA,24.4,NA,NA,NA,18.264999999999997
Iraq,IRQ,30.69,NA,17.5,62.518730000000005,10,9.59,38.68354642857143
Ireland,IRL,86.92,NA,NA,NA,44.5,91.78,83.5617142857143
Israel,ISR,51.055,44.805,NA,NA,68,69.86,49.53107692307692
Italy,ITA,68.01,46.443333333333335,26.450000000000003,82.50587173577226,44.3,65.75,60.25146793394307
Jamaica,JAM,75.83,NA,NA,NA,24,43.84,69.55942857142858
Japan,JPN,63.14,53.916666666666664,22.1,92.03580264328386,57,98.63,64.01855066082096
Jordan,JOR,35.25,25.084999999999997,22.85,63.32364822220323,NA,61.63999999999999,38.60743510881527
Kazakhstan,KAZ,39.34,33.11166666666667,21.3,77.26421070357966,21.8,84.93,45.534152675894916
Kenya,KEN,49.41,NA,17.25,68.19802220386025,NA,52.05,51.69926201636576
Kosovo,XKX,52.73,NA,NA,NA,NA,NA,52.73
Kuwait,KWT,44.06,NA,NA,NA,58.2,30.14,44.47657142857143
Kyrgyzstan,KGZ,37.46,NA,14.3,NA,NA,46.58,32.38
Laos,LAO,33.22,NA,NA,NA,NA,NA,33.22
Latvia,LVA,81.82,NA,21.7,NA,51,78.08,66.2391111111111
Lebanon,LBN,42.62,NA,16.25,73.66950948947388,NA,46.58,50.388025928908164
Lesotho,LSO,52.07,NA,NA,NA,6.3,20.549999999999997,46.34571428571429
Liberia,LBR,66.61,NA,NA,NA,NA,16.439999999999998,63.474374999999995
Libya,LBY,40.42,NA,16.95,65.2958733859513,NA,1.37,45.03338559177287
Liechtenstein,LIE,83.42,NA,NA,NA,NA,65.75,82.315625
Lithuania,LTU,82.27,45.63999999999999,24.65,NA,56.3,83.56,58.93093333333332
Luxembourg,LUX,83.04,NA,NA,NA,56.3,63.01,79.60342857142858
Macao SAR China,MAC,NA,53.725,NA,NA,NA,NA,53.725
Madagascar,MDG,50.8,NA,NA,NA,NA,30.14,49.50875
Malawi,MWI,59.2,NA,NA,51.95471096609499,NA,45.21,55.5313644588136
Malaysia,MYS,56.09,32.665,17.25,81.93268591279914,62.8,69.86,52.115871478199786
Maldives,MDV,52.46,NA,18.05,NA,NA,47.95,44.05238095238096
Mali,MLI,48.23,NA,NA,NA,NA,27.4,46.928124999999994
Malta,MLT,62.96,41.97,NA,NA,65,73.97,53.705230769230766
Mauritania,MRT,67.52,NA,NA,NA,NA,12.33,64.07062499999999
Mauritius,MUS,67.31,NA,NA,NA,30.3,41.099999999999994,62.64000000000001
Mexico,MEX,45.55,35.10833333333333,11.8,76.1527352378011,37.8,73.97,47.02908380945027
Moldova,MDA,73.36,35.278333333333336,NA,NA,NA,NA,54.31916666666667
Mongolia,MNG,52.57,31.889999999999997,26.55,NA,NA,78.08,41.04805555555556
Montenegro,MNE,72.83,34.11333333333334,28.450000000000003,NA,55.7,50.68,50.15013333333333
Morocco,MAR,48.04,24.584999999999997,22.3,78.44870141777577,30.8,43.84,45.43047535444394
Morocco / Western Sahara,MAR,48.04,24.584999999999997,NA,NA,NA,NA,36.3125
Mozambique,MOZ,52.63,NA,NA,NA,NA,20.549999999999997,50.625
Myanmar,MMR,25.32,NA,28.2,NA,NA,16.439999999999998,25.582857142857144
Namibia,NAM,75.35,NA,NA,NA,NA,27.4,72.353125
Nepal,NPL,55.2,NA,NA,NA,NA,21.92,53.12
Netherlands,NLD,88.64,NA,61.7,NA,78.3,93.15,82.16444444444444
New Zealand,NZL,81.37,NA,53.3,NA,NA,93.15,75.24761904761905
Nicaragua,NIC,22.83,NA,7.5,63.88617713610124,NA,23.29,35.87514072242583
Niger,NER,57.05,NA,NA,NA,6,20.549999999999997,50.58857142857143
Nigeria,NGA,46.81,NA,19.8,67.56091688104499,NA,36.99,50.22840182128544
North Korea,PRK,12.64,NA,NA,NA,NA,NA,12.64
North Macedonia,MKD,70.44,27.74666666666666,21,NA,NA,57.53,45.42583333333333
Northern Cyprus,CTU,54.84,NA,NA,NA,NA,NA,54.84
Norway,NOR,92.31,45.833333333333336,69.85,NA,71,86.3,69.712
OECS,CSS,68.08,NA,NA,NA,NA,NA,68.08
Oman,OMN,42.29,NA,NA,NA,50,65.75,44.291428571428575
Pakistan,PAK,29.62,NA,28.75,51.50753006808301,2.5,49.32,36.71326073860107
Palestine,PSE,27.41,25.80333333333333,NA,NA,NA,NA,26.606666666666666
Palestinian Territories,PSE,27.41,25.80333333333333,NA,NA,NA,NA,26.606666666666666
Panama,PAN,66.75,NA,NA,NA,NA,52.05,65.83125
Papua New Guinea,PNG,58.35,NA,NA,NA,NA,19.18,55.901875
Paraguay,PRY,56.84,27.691666666666663,NA,NA,35.7,60.27,42.51676923076923
Peru,PER,42.88,34.16833333333333,6.6,NA,18,75.33999999999999,34.428399999999996
Philippines,PHL,49.57,24.831666666666667,16.099999999999998,73.04828204200797,4,72.6,43.76457051050199
Poland,POL,74.79,48.305,24.950000000000003,NA,45.7,75.33999999999999,56.40173333333333
Portugal,PRT,84.26,46.083333333333336,26.05,NA,49.7,64.38000000000001,59.315466666666666
Qatar,QAT,58.25,36.723333333333336,NA,NA,32.2,47.95,46.79538461538461
Romania,ROU,66.42,37.94333333333333,11.95,NA,44,68.49,46.92506666666666
Russia,RUS,24.57,NA,22.5,NA,NA,NA,24.0525
Rwanda,RWA,35.84,NA,NA,57.949767145104524,NA,75.33999999999999,46.92323120399322
Samoa,WSM,69.28,NA,NA,NA,NA,30.14,66.83375000000001
Saudi Arabia,SAU,27.94,30.72,NA,75.26975379537316,82,95.89,45.32582049871477
Senegal,SEN,59.43,NA,NA,NA,NA,42.47,58.370000000000005
Serbia,SRB,53.55,40.166666666666664,19.85,83.24367274391935,42.7,89.03999999999999,53.972718185979836
Seychelles,SYC,68.56,NA,NA,NA,NA,30.14,66.15875000000001
Sierra Leone,SLE,66.36,NA,NA,NA,NA,32.879999999999995,64.2675
Singapore,SGP,45.78,58.416666666666664,26.2,84.68093739544543,NA,95.89,58.72890139057872
Slovakia,SVK,71.93,41.916666666666664,26.3,NA,48,69.86,52.828266666666664
Slovenia,SVN,74.06,45.97333333333333,19.5,NA,52.7,78.08,54.803466666666665
Somalia,SOM,40.49,NA,NA,NA,NA,28.77,39.7575
South Africa,ZAF,75.71,NA,NA,79.45707012517734,12,83.56,74.34744588549056
South Korea,KOR,64.06,53.166666666666664,25.2,NA,NA,NA,53.84
South Sudan,SSD,51.63,NA,NA,NA,NA,10.96,49.088125000000005
Spain,ESP,77.35,45.91833333333333,42.4,NA,58,80.82000000000001,59.435866666666655
Sri Lanka,LKA,39.93,NA,NA,NA,NA,41.099999999999994,40.003125000000004
Sudan,SDN,30.34,NA,NA,NA,NA,6.8500000000000005,28.871875000000003
Suriname,SUR,74.49,NA,NA,NA,NA,28.77,71.6325
Sweden,SWE,88.13,47.72333333333333,68.35,NA,64.3,79.45,68.14533333333333
Switzerland,CHE,83.98,48.36333333333334,54.2,NA,55.8,82.19,64.58773333333333
Syria,SYR,15.82,NA,NA,NA,NA,NA,15.82
Taiwan,TWN,77.04,54,NA,NA,NA,NA,65.52000000000001
Tajikistan,TJK,32.21,NA,15.45,NA,NA,27.4,27.990476190476194
Tanzania,TZA,53.68,NA,NA,NA,NA,NA,53.68
Thailand,THA,56.72,30.94666666666667,27.95,69.62329396967561,NA,75.33999999999999,49.49239535300919
Togo,TGO,48.03,NA,NA,NA,NA,45.21,47.853750000000005
Tonga,TON,68.39,NA,NA,NA,NA,32.879999999999995,66.170625
Trinidad and Tobago,TTO,79.71,NA,NA,NA,NA,32.879999999999995,76.78312499999998
Tunisia,TUN,43.48,NA,22.200000000000003,75.83239971495578,18.5,45.21,50.97328561248421
Turkey,TUR,29.4,43.11333333333334,19.55,NA,NA,NA,33.870000000000005
Turkmenistan,TKM,19.14,NA,NA,NA,NA,4.109999999999999,18.200625000000002
Türkiye,TUR,29.4,43.11333333333334,NA,NA,45.3,86.3,38.21384615384615
Uganda,UGA,37.61,NA,NA,55.19508845011037,NA,43.84,45.54135458338175
Ukraine,UKR,63.93,38.83166666666667,25.7,75.09064145446449,23.8,100,54.88516036361612
United Arab Emirates,ARE,26.91,36.946666666666665,NA,83.35278667458992,62.4,78.08,48.25421852071942
United Kingdom,GBR,78.89,NA,NA,92.7097475154662,62,NA,83.97316703252855
United States,USA,65.487,NA,38.25,87.14727151739095,NA,NA,69.62756596822727
Uruguay,URY,65.18,37.86000000000001,18.45,NA,53,86.3,48.09733333333333
Uzbekistan,UZB,35.24,23.80666666666667,27.35,64.94859344356954,16.5,69.86,38.578348360892385
Venezuela,VEN,29.21,NA,14.6,NA,NA,21.92,25.384285714285713
Vietnam,VNM,19.74,44.026666666666664,29.25,NA,NA,NA,31.507142857142856
Yemen,YEM,31.45,NA,NA,NA,NA,15.07,30.42625
Zambia,ZMB,57.33,NA,NA,64.5238108566079,NA,41.099999999999994,59.91570651605609
Zimbabwe,ZWE,52.1,NA,14,62.29625822642223,NA,27.4,49.48069336806799
